Staff_ID,Staff_FName,Staff_LName,Dept,Country,Email,Access_Role,Password
130001,John,Sim,Chariman,Singapore,john.sim@allinone.com.sg,1,YrH5db2l
130002,Jack,Sim,CEO,Singapore,jack.sim@allinone.com.sg,1,wsGC1hg6
140001,Derek,Tan,Sales,Singapore,Derek.Tan@allinone.com.sg,3,Ew7zlCnE
140002,Susan,Goh,Sales,Singapore,Susan.Goh@allinone.com.sg,2,MrXkmLRy
140003,Janice,Chan,Sales,Singapore,Janice.Chan@allinone.com.sg,2,NNFwTg8D
140004,Mary,Teo,Sales,Singapore,Mary.Teo@allinone.com.sg,2,VghMy3ZQ
140008,Jaclyn,Lee,Sales,Singapore,Jaclyn.Lee@allinone.com.sg,3,qpIvdJZB
140015,Oliva,Lim,Sales,Singapore,Oliva.Lim@allinone.com.sg,2,OAyWODx9
140025,Emma,Heng,Sales,Singapore,Emma.Heng@allinone.com.sg,2,S2SZqJHr
140036,Charlotte,Wong,Sales,Singapore,Charlotte.Wong@allinone.com.sg,2,41zgbpN9
140078,Amelia,Ong,Sales,Singapore,Amelia.Ong@allinone.com.sg,2,FP7P0jK8
140102,Eva,Yong,Sales,Singapore,Eva.Yong@allinone.com.sg,2,l8nd7u2L
140103,Sophia,Toh,Sales,Singapore,Sophia.Toh@allinone.com.sg,3,2RYy0NQ4
140108,Liam,The,Sales,Singapore,Liam.The@allinone.com.sg,2,kBjBL0WB
140115,Noah,Ng,Sales,Singapore,Noah.Ng@allinone.com.sg,2,JcAo0l00
140525,Oliver,Tan,Sales,Singapore,Oliver.Tan@allinone.com.sg,2,LEKpNyKG
140736,William,Fu,Sales,Singapore,William.Fu@allinone.com.sg,2,tviCZOrg
140878,James,Tong,Sales,Singapore,James.Tong@allinone.com.sg,2,lYhkJNyq
140879,Siti,Abdullah,Sales,Singapore,Siti.Abdullah@allinone.com.sg,3,v1fQqwsA
140880,Heng,Chan,Sales,Singapore,Heng.Chan@allinone.com.sg,2,fxfGCKuZ
140881,Rina,Tan,Sales,Singapore,Rina.Tan@allinone.com.sg,2,rnireVtB
140882,Boun,Souk,Sales,Singapore,Boun.Souk@allinone.com.sg,2,puFGMxeE
140883,Aung,Kyaw,Sales,Singapore,Aung.Kyaw@allinone.com.sg,2,xWcEBDl0
140886,Thuy,Nguyen,Sales,Singapore,Thuy.Nguyen@allinone.com.sg,2,rVmr9SFK
140887,Rajesh,Kumar,Sales,Singapore,Rajesh.Kumar@allinone.com.sg,2,zr51o5FM
140888,Koh,Lim,Sales,Singapore,Koh.Lim@allinone.com.sg,2,AsYutTiX
140889,Somchai,Somboon,Sales,Singapore,Somchai.Somboon@allinone.com.sg,2,Q8mR3215
140890,Seng,Lee,Sales,Singapore,Seng.Lee@allinone.com.sg,2,Jx9fyf8T
140891,Anh,Tran,Sales,Singapore,Anh.Tran@allinone.com.sg,2,PKDJMedl
140892,Ratana,Chen,Sales,Singapore,Ratana.Chen@allinone.com.sg,2,cuQevIqk
140893,Bui,Nguyen,Sales,Singapore,Bui.Nguyen@allinone.com.sg,2,DukDa4Ch
140894,Rahim,Khalid,Sales,Singapore,Rahim.Khalid@allinone.com.sg,3,CyEsOppX
140895,Dewi,Putri,Sales,Singapore,Dewi.Putri@allinone.com.sg,2,aEgwEYP7
140898,Sokha,Seng,Sales,Singapore,Sokha.Seng@allinone.com.sg,2,eEem3m26
140900,Tuan,Nguyen,Sales,Singapore,Tuan.Nguyen@allinone.com.sg,2,X2NJdyFH
140901,Bao,Luu,Sales,Singapore,Bao.Luu@allinone.com.sg,2,IcoKnCGD
140903,Amara,Singh,Sales,Malaysia,Amara.Singh@allinone.com.my,2,BUls6KE3
140904,Srey,Mao,Sales,Malaysia,Srey.Mao@allinone.com.my,2,a7fki5U1
140905,Phuc,Le,Sales,Malaysia,Phuc.Le@allinone.com.my,2,UzVeOrH7
140908,Arifin,Saputra,Sales,Malaysia,Arifin.Saputra@allinone.com.my,2,36ygQ7UV
140909,Siti,Salleh,Sales,Malaysia,Siti.Salleh@allinone.com.my,2,XqlvIUBf
140910,Rina,Siriporn,Sales,Indonesia ,Rina.Siriporn@allinone.com.id,2,vzISSOO3
140911,Minh,Ly,Sales,Indonesia ,Minh.Ly@allinone.com.id,2,oObEYpG3
140912,Chandara,Kim,Sales,Indonesia ,Chandara.Kim@allinone.com.id,2,Sz32yNVl
140917,Heng,Phan,Sales,Indonesia ,Heng.Phan@allinone.com.id,2,AcMN5ZqU
140918,Nara,Khun,Sales,Indonesia ,Nara.Khun@allinone.com.id,2,c13w4WdU
140919,Priya,Malik,Sales,Indonesia ,Priya.Malik@allinone.com.id,2,VUTv39ev
140923,Ngoc,Trinh,Sales,Vietnam,Ngoc.Trinh@allinone.com.vn,2,h9VTGDjb
140924,Manoj,Kumar,Sales,Vietnam,Manoj.Kumar@allinone.com.vn,2,YHpADlqS
140925,Anh,Pham,Sales,Vietnam,Anh.Pham@allinone.com.vn,2,wtIlg5Dd
140926,Somsak,Somsri,Sales,Vietnam,Somsak.Somsri@allinone.com.vn,2,LOBgqoWo
140927,Chin,Lim,Sales,Hong Kong,Chin.Lim@allinone.com.hk,2,cJfUEQBK
140928,Sok,Chhay,Sales,Hong Kong,Sok.Chhay@allinone.com.hk,2,2Iw4ySID
140929,Tat,Nguyen,Sales,Hong Kong,Tat.Nguyen@allinone.com.hk,2,W6uGmViE
140933,Hlaing,Sithu,Sales,Hong Kong,Hlaing.Sithu@allinone.com.hk,2,ZEWyf9TS
140934,Santhi,Perumal,Sales,Hong Kong,Santhi.Perumal@allinone.com.hk,2,YoEtHYkG
140935,Hakim,Siregar,Sales,Hong Kong,Hakim.Siregar@allinone.com.hk,2,hQbPo5xR
140937,Sirirat,Chaiyaporn,Sales,Hong Kong,Sirirat.Chaiyaporn@allinone.com.hk,2,hCTHQOnk
140938,Chinh,Tran,Sales,Hong Kong,Chinh.Tran@allinone.com.hk,2,q0X3nvvR
140940,Siti,Ahmad,Sales,Singapore,Siti.Ahmad@allinone.com.sg,2,LnbhYH9u
140941,Chandra,Rai,Sales,Singapore,Chandra.Rai@allinone.com.sg,2,I3z91C3I
140942,Ratana,Keo,Sales,Singapore,Ratana.Keo@allinone.com.sg,2,wHpYvKnR
140944,Yee,Lim,Sales,Singapore,Yee.Lim@allinone.com.sg,3,hFBW0XfA
140945,Wai,Yong,Sales,Singapore,Wai.Yong@allinone.com.sg,2,aZdFsSL1
140947,Thi,Pham,Sales,Singapore,Thi.Pham@allinone.com.sg,2,YGZpv5kd
140948,Nara,Sok,Sales,Singapore,Nara.Sok@allinone.com.sg,2,BfKomWMG
150008,Eric,Loh,Solutioning,Singapore,Eric.Loh@allinone.com.sg,3,SYb9cEKY
150065,Noah,Goh,Engineering,Singapore,Noah.Goh@allinone.com.sg,2,Qbyy2SFK
150075,Liam,Tan,Engineering,Singapore,Liam.Tan@allinone.com.sg,2,txoJYqI6
150076,Oliver,Chan,Engineering,Singapore,Oliver.Chan@allinone.com.sg,2,8KRQg06E
150085,Michael,Ng,Engineering,Singapore,Michael.Ng@allinone.com.sg,2,o3PAeOKl
150095,Alexander,The,Engineering,Singapore,Alexander.The@allinone.com.sg,2,o3fi87MS
150096,Ethan,Tan,Engineering,Singapore,Ethan.Tan@allinone.com.sg,2,fbzm2AA6
150115,Jaclyn,Lee,Engineering,Singapore,Jaclyn.Lee@allinone.com.sg,2,qpIvdJZB
150118,William,Teo,Engineering,Singapore,William.Teo@allinone.com.sg,2,RQ6xC48z
150125,Mary,Teo,Engineering,Singapore,Mary.Teo@allinone.com.sg,2,VghMy3ZQ
150126,Oliva,Lim,Engineering,Singapore,Oliva.Lim@allinone.com.sg,2,OAyWODx9
150138,Daniel,Fu,Engineering,Singapore,Daniel.Fu@allinone.com.sg,2,uOdTZGfK
150142,James,Lee,Engineering,Singapore,James.Lee@allinone.com.sg,2,g4Ml0ZZQ
150143,John,Lim,Engineering,Singapore,John.Lim@allinone.com.sg,3,e9JhTBl5
150148,Jack,Heng,Engineering,Singapore,Jack.Heng@allinone.com.sg,2,wMih9QQo
150155,Derek,Wong,Engineering,Singapore,Derek.Wong@allinone.com.sg,2,sLuGLvQo
150162,Jacob,Tong,Engineering,Singapore,Jacob.Tong@allinone.com.sg,2,obJqHu2G
150163,Logan,Loh,Engineering,Singapore,Logan.Loh@allinone.com.sg,2,XVfuPmJn
150165,Oliver,Tan,Engineering,Singapore,Oliver.Tan@allinone.com.sg,2,LEKpNyKG
150166,William,Fu,Engineering,Singapore,William.Fu@allinone.com.sg,2,tviCZOrg
150168,Jackson,Tan,Engineering,Singapore,Jackson.Tan@allinone.com.sg,2,rKpeHdtT
150175,Aiden,Tan,Engineering,Singapore,Aiden.Tan@allinone.com.sg,2,nK9qHxfu
150192,Emma,Heng,Engineering,Singapore,Emma.Heng@allinone.com.sg,2,S2SZqJHr
150193,Charlotte,Wong,Engineering,Singapore,Charlotte.Wong@allinone.com.sg,2,41zgbpN9
150198,Amelia,Ong,Engineering,Singapore,Amelia.Ong@allinone.com.sg,2,FP7P0jK8
150205,Eva,Yong,Engineering,Singapore,Eva.Yong@allinone.com.sg,2,l8nd7u2L
150208,James,Tong,Engineering,Singapore,James.Tong@allinone.com.sg,2,lYhkJNyq
150215,Michael,Lee,Engineering,Singapore,Michael.Lee@allinone.com.sg,2,IXBqNWPe
150216,Ethan,Lim,Engineering,Singapore,Ethan.Lim@allinone.com.sg,2,Mns9bDVz
150232,John,Loh,Engineering,Singapore,John.Loh@allinone.com.sg,2,P5lQeOWA
150233,Jack,Tan,Engineering,Singapore,Jack.Tan@allinone.com.sg,2,I3BM8dVu
150238,Derek,Tan,Engineering,Singapore,Derek.Tan@allinone.com.sg,2,Ew7zlCnE
150245,Benjamin,Tan,Engineering,Singapore,Benjamin.Tan@allinone.com.sg,3,WTfw51ih
150258,Daniel,Heng,Engineering,Singapore,Daniel.Heng@allinone.com.sg,2,hO9ET19c
150265,Jaclyn,Tong,Engineering,Singapore,Jaclyn.Tong@allinone.com.sg,2,f8Pnk7Uw
150275,Mary,Fu,Engineering,Singapore,Mary.Fu@allinone.com.sg,2,qEtMNqHS
150276,Oliva,Loh,Engineering,Singapore,Oliva.Loh@allinone.com.sg,2,pq1sTPis
150282,Jacob,Wong,Engineering,Singapore,Jacob.Wong@allinone.com.sg,2,44vb4WeB
150283,Logan,Ong,Engineering,Singapore,Logan.Ong@allinone.com.sg,2,8qIBqSoH
150288,Jackson,Yong,Engineering,Singapore,Jackson.Yong@allinone.com.sg,2,BK2MN189
150295,Aiden,Toh,Engineering,Singapore,Aiden.Toh@allinone.com.sg,2,qQKLcwIS
150318,Emma,Tan,Engineering,Singapore,Emma.Tan@allinone.com.sg,2,m5oa1jXC
150342,Charlotte,Tan,Engineering,Singapore,Charlotte.Tan@allinone.com.sg,2,eRJvMZXX
150343,Amelia,Tan,Engineering,Singapore,Amelia.Tan@allinone.com.sg,2,K2hBPoOM
150345,William,Heng,Engineering,Singapore,William.Heng@allinone.com.sg,3,etLNByPV
150348,Eva,Goh,Engineering,Singapore,Eva.Goh@allinone.com.sg,2,Sf7MhKTV
150355,Sophia,Chan,Engineering,Singapore,Sophia.Chan@allinone.com.sg,2,A4lmKnXg
150356,James,Wong,Engineering,Singapore,James.Wong@allinone.com.sg,2,GLm5VDtf
150398,John,Ong,Engineering,Singapore,John.Ong@allinone.com.sg,2,u27nayGM
150422,Jack,Yong,Engineering,Singapore,Jack.Yong@allinone.com.sg,2,zyC803NQ
150423,Derek,Toh,Engineering,Singapore,Derek.Toh@allinone.com.sg,2,5twEGHuh
150428,Benjamin,The,Engineering,Singapore,Benjamin.The@allinone.com.sg,2,tEVguhf7
150435,Lucas,Ng,Engineering,Singapore,Lucas.Ng@allinone.com.sg,2,UMsDimhu
150445,Ethan,Loh,Engineering,Singapore,Ethan.Loh@allinone.com.sg,2,ONLSuWR8
150446,Daniel,Tan,Engineering,Singapore,Daniel.Tan@allinone.com.sg,2,Hv2ti05N
150488,Jacob,Tan,Engineering,Singapore,Jacob.Tan@allinone.com.sg,2,oxf2N5jx
150512,Logan,Tan,Engineering,Singapore,Logan.Tan@allinone.com.sg,2,1fpGpy5g
150513,Jackson,Goh,Engineering,Singapore,Jackson.Goh@allinone.com.sg,2,zSL6ZZvZ
150518,Aiden,Chan,Engineering,Singapore,Aiden.Chan@allinone.com.sg,2,9W4xj7YM
150525,Samuel,Teo,Engineering,Singapore,Samuel.Teo@allinone.com.sg,2,UoYaovEJ
150555,Jaclyn,Wong,Engineering,Singapore,Jaclyn.Wong@allinone.com.sg,3,1VG6Pohj
150565,Benjamin,Ong,Engineering,Singapore,Benjamin.Ong@allinone.com.sg,2,ez9kA7S8
150566,Oliva,Ong,Engineering,Singapore,Oliva.Ong@allinone.com.sg,2,WnA0vGqY
150585,Samuel,Tan,Engineering,Singapore,Samuel.Tan@allinone.com.sg,2,Lgbrk1Ro
150608,Emma,Yong,Engineering,Singapore,Emma.Yong@allinone.com.sg,2,XRkVQx5b
150615,Sophia,Toh,Engineering,Singapore,Sophia.Toh@allinone.com.sg,2,2RYy0NQ4
150632,Charlotte,Toh,Engineering,Singapore,Charlotte.Toh@allinone.com.sg,2,WvrAjdUD
150633,Amelia,The,Engineering,Singapore,Amelia.The@allinone.com.sg,2,9o8ILHqB
150638,Eva,Ng,Engineering,Singapore,Eva.Ng@allinone.com.sg,2,Rt1RwkYH
150645,Sophia,Tan,Engineering,Singapore,Sophia.Tan@allinone.com.sg,2,EuwmuUDt
150655,Lucas,Goh,Engineering,Singapore,Lucas.Goh@allinone.com.sg,2,1JZ0gTao
150695,William,Tan,Engineering,Singapore,William.Tan@allinone.com.sg,2,IQr8DA8k
150705,Samuel,The,Engineering,Singapore,Samuel.The@allinone.com.sg,2,rFVVBrsa
150765,Liam,Teo,Engineering,Singapore,Liam.Teo@allinone.com.sg,2,4s4C1vX1
150776,Lucas,Yong,Engineering,Singapore,Lucas.Yong@allinone.com.sg,2,5Nywyfqb
150796,Susan,Goh,Engineering,Singapore,Susan.Goh@allinone.com.sg,2,MrXkmLRy
150826,Liam,The,Engineering,Singapore,Liam.The@allinone.com.sg,2,kBjBL0WB
150845,Henry,Tan,Engineering,Singapore,Henry.Tan@allinone.com.sg,2,Mymcb4kF
150866,Henry,Chan,Engineering,Singapore,Henry.Chan@allinone.com.sg,3,fVMFxXaM
150916,Susan,Ng,Engineering,Singapore,Susan.Ng@allinone.com.sg,2,N9TA47US
150918,Henry,Toh,Engineering,Singapore,Henry.Toh@allinone.com.sg,2,yKiTYL3B
150935,Susan,Lee,Engineering,Singapore,Susan.Lee@allinone.com.sg,2,T2wUel8B
150938,Janice,Chan,Engineering,Singapore,Janice.Chan@allinone.com.sg,2,NNFwTg8D
150968,Noah,Ng,Engineering,Singapore,Noah.Ng@allinone.com.sg,2,JcAo0l00
150976,Noah,Lee,Engineering,Singapore,Noah.Lee@allinone.com.sg,2,Eso2zXm0
151008,Alexander,Teo,Engineering,Singapore,Alexander.Teo@allinone.com.sg,2,AS1BJF3x
151055,Liam,Fu,Engineering,Singapore,Liam.Fu@allinone.com.sg,2,zvFkjQ8Y
151056,Alexander,Fu,Engineering,Singapore,Alexander.Fu@allinone.com.sg,2,478NVcY8
151058,Janice,Tan,Engineering,Singapore,Janice.Tan@allinone.com.sg,2,GG3dMNOR
151118,Oliver,Lim,Engineering,Singapore,Oliver.Lim@allinone.com.sg,2,U2sfClxF
151146,Janice,Lim,Engineering,Singapore,Janice.Lim@allinone.com.sg,2,QNOLK6AL
151198,Michael,Tong,Engineering,Singapore,Michael.Tong@allinone.com.sg,2,naxQ3OuK
151266,Noah,Tong,Engineering,Singapore,Noah.Tong@allinone.com.sg,2,5BEqmhBt
151288,Mary,Heng,Engineering,Singapore,Mary.Heng@allinone.com.sg,2,by0JO68Q
151407,Oliver,Loh,Engineering,Singapore,Oliver.Loh@allinone.com.sg,2,1hEmjtgA
151408,Philip,Lee,Engineering,Singapore,Philip.Lee@allinone.com.sg,3,icB1wNhh
151410,Phuong,Dinh,Engineering,Singapore,Phuong.Dinh@allinone.com.sg,3,tAvbasoS
151411,Bao,Nguyen,Engineering,Singapore,Bao.Nguyen@allinone.com.sg,2,ho3kUoSa
151412,Wati,Halim,Engineering,Singapore,Wati.Halim@allinone.com.sg,2,48KfhWeF
151413,Seng,Soeun,Engineering,Singapore,Seng.Soeun@allinone.com.sg,2,kB2Zingy
151414,Yun,Lee,Engineering,Indonesia ,Yun.Lee@allinone.com.id,2,cX2BYQiu
151415,Aung,Tun,Engineering,Singapore,Aung.Tun@allinone.com.sg,2,bNi6wl1U
151416,Vannak,Chen,Engineering,Malaysia,Vannak.Chen@allinone.com.my,2,xZ0Cr9OH
151417,Pich,Sun,Engineering,Singapore,Pich.Sun@allinone.com.sg,2,NFby2b3Z
151418,Chandara,Khun,Engineering,Vietnam,Chandara.Khun@allinone.com.vn,2,yba77oxU
151419,Heng,Heng,Engineering,Singapore,Heng.Heng@allinone.com.sg,2,LJz6ZYbo
151420,Siti,Ismail,Engineering,Singapore,Siti.Ismail@allinone.com.sg,2,zvv6RJa5
151425,Thuy,Phan,Engineering,Hong Kong,Thuy.Phan@allinone.com.hk,2,TodieOLe
151426,Trung,Trinh,Engineering,Singapore,Trung.Trinh@allinone.com.sg,2,c6URE9dm
151427,Rahul,Sharma,Engineering,Singapore,Rahul.Sharma@allinone.com.sg,2,bg3kJfIz
151428,Champa,Thao,Engineering,Singapore,Champa.Thao@allinone.com.sg,2,BhoVyFbs
151430,Rithy,Chheng,Engineering,Singapore,Rithy.Chheng@allinone.com.sg,2,K41K9YNb
151431,Mani,Raj,Engineering,Singapore,Mani.Raj@allinone.com.sg,2,w5Fk6aQ8
151432,Sokunthea,Phan,Engineering,Singapore,Sokunthea.Phan@allinone.com.sg,2,a9GkeA53
151433,Mani,Devi,Engineering,Indonesia ,Mani.Devi@allinone.com.id,2,2azm6HVo
151435,Somnang,Suon,Engineering,Singapore,Somnang.Suon@allinone.com.sg,2,KgzjYOe8
151436,Samsul,Rahman,Engineering,Malaysia,Samsul.Rahman@allinone.com.my,2,ShVOvC3c
151438,Rath,Phan,Engineering,Singapore,Rath.Phan@allinone.com.sg,2,82OSoRVq
151439,Ji,Han,Engineering,Vietnam,Ji.Han@allinone.com.vn,3,DDuGgv7i
151440,Sok,Pich,Engineering,Singapore,Sok.Pich@allinone.com.sg,2,08QpQc94
151441,Minh,Hoang,Engineering,Singapore,Minh.Hoang@allinone.com.sg,3,rx12Cuga
151443,Anil,Kumar,Engineering,Hong Kong,Anil.Kumar@allinone.com.hk,3,5rgPOQki
151444,Chinh,Le,Engineering,Singapore,Chinh.Le@allinone.com.sg,2,E4K1YLX2
151446,Seng,Seng,Engineering,Singapore,Seng.Seng@allinone.com.sg,2,QnPXsNM8
151447,Nanda,Kesavan,Engineering,Singapore,Nanda.Kesavan@allinone.com.sg,2,eHuC1bR9
151448,Amirah,Ahmad,Engineering,Singapore,Amirah.Ahmad@allinone.com.sg,2,3gRZIU46
151450,Sokly,Sok,Engineering,Singapore,Sokly.Sok@allinone.com.sg,2,EtdRFwS6
151451,Trung,Pham,Engineering,Singapore,Trung.Pham@allinone.com.sg,2,ovFZ3mzp
151452,Rithya,Suon,Engineering,Indonesia ,Rithya.Suon@allinone.com.id,3,1JUjOcfH
151456,Phuc,Vo,Engineering,Singapore,Phuc.Vo@allinone.com.sg,2,EMDvVwkn
151457,Chandra,Pandey,Engineering,Malaysia,Chandra.Pandey@allinone.com.my,3,j2dBBM45
151458,Manoj,Singh,Engineering,Singapore,Manoj.Singh@allinone.com.sg,2,oOG65PsM
151459,Phalla,Yong,Engineering,Vietnam,Phalla.Yong@allinone.com.vn,2,H8l4ApXL
151464,Chhaya,Sou,Engineering,Singapore,Chhaya.Sou@allinone.com.sg,2,7bo0p9vR
151465,Soma,Lim,Engineering,Singapore,Soma.Lim@allinone.com.sg,2,uQGxlOYB
151466,Siv,Sun,Engineering,Hong Kong,Siv.Sun@allinone.com.hk,2,CyWuq31T
151467,Vannak,Mao,Engineering,Singapore,Vannak.Mao@allinone.com.sg,2,CPb1nIlx
151468,Kumara,Seng,Engineering,Singapore,Kumara.Seng@allinone.com.sg,2,KFPzI8aq
151469,Sok,Heng,Engineering,Singapore,Sok.Heng@allinone.com.sg,2,GGGXfFbw
151470,Siti,Saad,Engineering,Singapore,Siti.Saad@allinone.com.sg,2,01aSfkYu
151471,Chanh,Ly,Engineering,Singapore,Chanh.Ly@allinone.com.sg,3,mm5hwU7b
151472,Anh,Truong,Engineering,Singapore,Anh.Truong@allinone.com.sg,2,HcYcXWyW
151476,Hakim,Rahman,Engineering,Indonesia ,Hakim.Rahman@allinone.com.id,2,499zDAE8
151477,Priya,Kaur,Engineering,Singapore,Priya.Kaur@allinone.com.sg,2,WeZlm8bn
151479,Narong,Chen,Engineering,Malaysia,Narong.Chen@allinone.com.my,2,axdS4FeS
151480,Rin,Sok,Engineering,Singapore,Rin.Sok@allinone.com.sg,2,5ikhxmIP
151481,Phuc,Lam,Engineering,Vietnam,Phuc.Lam@allinone.com.vn,2,gRBSwYMB
151482,Sok,Chin,Engineering,Singapore,Sok.Chin@allinone.com.sg,2,ftAeWN16
151483,Chandara,Kong,Engineering,Singapore,Chandara.Kong@allinone.com.sg,2,JURJbzvy
151484,Phanith,Sok,Engineering,Hong Kong,Phanith.Sok@allinone.com.hk,2,7BMgOuoh
151485,Heng,Sim,Engineering,Singapore,Heng.Sim@allinone.com.sg,2,Bx4OM2gE
151487,Nanda,Devan,Engineering,Singapore,Nanda.Devan@allinone.com.sg,2,l24Cteeb
151488,Pich,Phan,Engineering,Singapore,Pich.Phan@allinone.com.sg,2,RlyhlkS2
151489,Anil,Sarawat,Engineering,Singapore,Anil.Sarawat@allinone.com.sg,2,qG89a8le
151491,Nguyen,Tuan,Engineering,Singapore,Nguyen.Tuan@allinone.com.sg,2,mLYCUsFG
151492,Bao,Kim,Engineering,Singapore,Bao.Kim@allinone.com.sg,2,FhpxGGMN
151493,Boun,Sok,Engineering,Indonesia ,Boun.Sok@allinone.com.id,2,5StwGSPg
151494,Soma,Khun,Engineering,Singapore,Soma.Khun@allinone.com.sg,2,auOu8BfM
151495,Samsul,Saifullah,Engineering,Malaysia,Samsul.Saifullah@allinone.com.my,2,A7eV9xmi
151496,Rina,Li,Engineering,Singapore,Rina.Li@allinone.com.sg,2,H5OxkuUI
151498,Mani,Prasad,Engineering,Vietnam,Mani.Prasad@allinone.com.vn,2,r4czNFUw
151499,Koh,Seng,Engineering,Singapore,Koh.Seng@allinone.com.sg,2,pkz5Mcy4
151500,Arifin,Siregar,Engineering,Singapore,Arifin.Siregar@allinone.com.sg,2,qxNOe99V
151502,Kumari,Devi,Engineering,Hong Kong,Kumari.Devi@allinone.com.hk,2,nRrwlVdQ
151503,Narong,Khun,Engineering,Singapore,Narong.Khun@allinone.com.sg,2,MwB8hZ3y
151505,Thi,Lam,Engineering,Singapore,Thi.Lam@allinone.com.sg,2,iPavAb1c
151506,Vannak,Sok,Engineering,Singapore,Vannak.Sok@allinone.com.sg,2,WHGnQfd6
151507,Phuong,Nguyen,Engineering,Singapore,Phuong.Nguyen@allinone.com.sg,2,ZdHIuvnU
151508,Srey,Makara,Engineering,Singapore,Srey.Makara@allinone.com.sg,2,bkN3cHQV
151509,Hlaing,Kyaw,Engineering,Singapore,Hlaing.Kyaw@allinone.com.sg,2,JzdHICSH
151510,Anh,Ly,Engineering,Indonesia ,Anh.Ly@allinone.com.id,2,iMivv617
151512,Chin,Heng,Engineering,Singapore,Chin.Heng@allinone.com.sg,2,rq6tatps
151513,Nara,Yong,Engineering,Malaysia,Nara.Yong@allinone.com.my,2,L3NjVIMc
151514,Somchai,Phan,Engineering,Singapore,Somchai.Phan@allinone.com.sg,2,clDDqH0Y
151515,Rath,Sim,Engineering,Vietnam,Rath.Sim@allinone.com.vn,2,tnOkB5RK
151517,Chinh,Tran,Engineering,Singapore,Chinh.Tran@allinone.com.sg,2,gPDHSlKd
151518,Yee,Liu,Engineering,Singapore,Yee.Liu@allinone.com.sg,2,1kl93GLq
151519,Heng,Chhour,Engineering,Hong Kong,Heng.Chhour@allinone.com.hk,2,DgpayfOe
151520,Sokunthea,Soy,Engineering,Singapore,Sokunthea.Soy@allinone.com.sg,2,gNVFcQ3j
151521,Champa,Thach,Engineering,Singapore,Champa.Thach@allinone.com.sg,2,cNTxg3xI
151523,Rahim,Ramli,Engineering,Singapore,Rahim.Ramli@allinone.com.sg,2,GTbtFnPN
151524,Hakim,Hassan,Engineering,Singapore,Hakim.Hassan@allinone.com.sg,2,juUumWBJ
151525,Trung,Le,Engineering,Singapore,Trung.Le@allinone.com.sg,2,Fv5R7nms
151526,Seng,Chhour,Engineering,Singapore,Seng.Chhour@allinone.com.sg,2,orJl7atS
151527,Narong,Mao,Engineering,Indonesia ,Narong.Mao@allinone.com.id,2,HuTZ1fK1
151528,Phuc,Phung,Engineering,Singapore,Phuc.Phung@allinone.com.sg,2,FUrQDZJh
151531,Chandara,Sin,Engineering,Malaysia,Chandara.Sin@allinone.com.my,2,0PhREFz4
151533,Soma,San,Engineering,Singapore,Soma.San@allinone.com.sg,2,82uZbjbN
151534,Siv,Savuth,Engineering,Vietnam,Siv.Savuth@allinone.com.vn,2,yCtt4OBM
151535,Vannak,Soun,Engineering,Singapore,Vannak.Soun@allinone.com.sg,2,lIl7IHl7
151536,Kumara,Suon,Engineering,Singapore,Kumara.Suon@allinone.com.sg,2,yMHT1ASG
151537,Sok,Mao,Engineering,Hong Kong,Sok.Mao@allinone.com.hk,2,A79Eftzw
151539,Siti,Yusof,Engineering,Singapore,Siti.Yusof@allinone.com.sg,2,DE9iV8p1
151540,Chanh,Sin,Engineering,Singapore,Chanh.Sin@allinone.com.sg,2,6IAXnYr4
151541,Anh,Tran,Engineering,Singapore,Anh.Tran@allinone.com.sg,2,PKDJMedl
151543,Priya,Krishnan,Engineering,Singapore,Priya.Krishnan@allinone.com.sg,2,wrjLtF6N
151544,Nanda,Lal,Engineering,Singapore,Nanda.Lal@allinone.com.sg,2,kED41XSm
151545,Rithy,Khun,Engineering,Singapore,Rithy.Khun@allinone.com.sg,2,MDTr6LV6
151546,Mani,Choudhury,Engineering,Indonesia ,Mani.Choudhury@allinone.com.id,2,gaacjG8d
151547,Koh,Loo,Engineering,Singapore,Koh.Loo@allinone.com.sg,2,WU1suKoZ
151548,Arifin,Bakar,Engineering,Malaysia,Arifin.Bakar@allinone.com.my,2,tTv67yt0
151549,Kumari,Pillai,Engineering,Singapore,Kumari.Pillai@allinone.com.sg,2,NmXNT0Zy
151550,Narong,Chua,Engineering,Vietnam,Narong.Chua@allinone.com.vn,2,FuwOVB6B
151556,Thi,Ling,Engineering,Singapore,Thi.Ling@allinone.com.sg,2,xk6d6Iv1
151558,Vannak,Seng,Engineering,Singapore,Vannak.Seng@allinone.com.sg,2,e6nOOaBu
151559,Nara,Loo,Engineering,Hong Kong,Nara.Loo@allinone.com.hk,2,irEstuir
151560,Somchai,Kong,Engineering,Singapore,Somchai.Kong@allinone.com.sg,2,dthnHO14
151561,Rath,Khun,Engineering,Singapore,Rath.Khun@allinone.com.sg,2,R2uvLBnP
151562,Chinh,Nguyen,Engineering,Singapore,Chinh.Nguyen@allinone.com.sg,2,J0r5Tq6t
151563,Yee,Chong,Engineering,Singapore,Yee.Chong@allinone.com.sg,2,5p6TmEfb
151564,Heng,Phal,Engineering,Singapore,Heng.Phal@allinone.com.sg,2,5sGEw38j
151567,Sokunthea,Seng,Engineering,Singapore,Sokunthea.Seng@allinone.com.sg,2,IbKULv9y
151568,Champa,Pheap,Engineering,Indonesia ,Champa.Pheap@allinone.com.id,2,kFV70iga
151570,Rahim,Harun,Engineering,Singapore,Rahim.Harun@allinone.com.sg,2,K8LKlYhT
151571,Hakim,Sulaiman,Engineering,Malaysia,Hakim.Sulaiman@allinone.com.my,2,O7M2tKY2
151573,Trung,Nguyen,Engineering,Singapore,Trung.Nguyen@allinone.com.sg,2,cbgaac2w
151574,Seng,Sao,Engineering,Vietnam,Seng.Sao@allinone.com.vn,2,070x3Wt0
151575,Narong,Savoeun,Engineering,Singapore,Narong.Savoeun@allinone.com.sg,2,FQ4tqu5j
151576,Phuc,Luong,Engineering,Singapore,Phuc.Luong@allinone.com.sg,2,zjRnsBqQ
151578,Chandara,Tith,Engineering,Hong Kong,Chandara.Tith@allinone.com.hk,2,9RYskCWR
151579,Soma,Voeun,Engineering,Singapore,Soma.Voeun@allinone.com.sg,2,Smad1WcF
151580,Siv,Sothea,Engineering,Singapore,Siv.Sothea@allinone.com.sg,2,90MoHaLU
151581,Vannak,Samnang,Engineering,Singapore,Vannak.Samnang@allinone.com.sg,2,9cUhctg4
151582,Kumara,Sareth,Engineering,Singapore,Kumara.Sareth@allinone.com.sg,2,btqh11Id
151583,Sok,Kheng,Engineering,Singapore,Sok.Kheng@allinone.com.sg,2,n54TyhQL
151584,Siti,Yusuf,Engineering,Singapore,Siti.Yusuf@allinone.com.sg,2,2tBiYVtJ
151585,Chanh,Tith,Engineering,Indonesia ,Chanh.Tith@allinone.com.id,2,obYBqBbI
151589,Anh,Van,Engineering,Singapore,Anh.Van@allinone.com.sg,2,7hdWgePp
151590,Priya,Kumar,Engineering,Malaysia,Priya.Kumar@allinone.com.my,2,HvtlrZOG
151591,Nanda,Kesavan,Engineering,Singapore,Nanda.Kesavan@allinone.com.sg,2,eHuC1bR9
151593,Rithy,Sok,Engineering,Vietnam,Rithy.Sok@allinone.com.vn,2,ZPQ71BuB
151595,Mani,Devi,Engineering,Singapore,Mani.Devi@allinone.com.sg,2,TLWSdcF9
151596,Koh,Seng,Engineering,Singapore,Koh.Seng@allinone.com.sg,2,pkz5Mcy4
151597,Arifin,Saputra,Engineering,Hong Kong,Arifin.Saputra@allinone.com.hk,2,tQqyPWp3
151598,Kumari,Pillai,Engineering,Singapore,Kumari.Pillai@allinone.com.sg,2,NmXNT0Zy
151600,Narong,Chua,Engineering,Singapore,Narong.Chua@allinone.com.sg,3,C5Bn8omT
151601,Thi,Ling,Engineering,Singapore,Thi.Ling@allinone.com.sg,2,xk6d6Iv1
151602,Vannak,Seng,Engineering,Singapore,Vannak.Seng@allinone.com.sg,2,e6nOOaBu
151603,Phuong,Truong,Engineering,Singapore,Phuong.Truong@allinone.com.sg,2,birm0wk7
151605,Srey,Suon,Engineering,Singapore,Srey.Suon@allinone.com.sg,2,SOEju7Wm
151606,Hlaing,Myat,Engineering,Indonesia ,Hlaing.Myat@allinone.com.id,2,yIo9KlwA
151607,Anh,Vo,Engineering,Singapore,Anh.Vo@allinone.com.sg,2,0C5cHzXM
151608,Chin,Chen,Engineering,Malaysia,Chin.Chen@allinone.com.my,2,E8oyIo3B
151609,Nara,Loo,Engineering,Singapore,Nara.Loo@allinone.com.sg,2,UJOTuZnY
151610,Somchai,Kong,Engineering,Vietnam,Somchai.Kong@allinone.com.vn,2,6sfFeLR6
151611,Rath,Khun,Engineering,Singapore,Rath.Khun@allinone.com.sg,2,R2uvLBnP
151612,Chinh,Nguyen,Engineering,Singapore,Chinh.Nguyen@allinone.com.sg,2,J0r5Tq6t
151613,Yee,Chong,Engineering,Hong Kong,Yee.Chong@allinone.com.hk,2,7dPHv2u8
160008,Sally,Loh,HR,Singapore,Sally.Loh@allinone.com.sg,4,wiyUzgf1
160065,John,Tan,HR,Singapore,John.Tan@allinone.com.sg,2,6VAtzHS6
160075,James,Tan,HR,Singapore,James.Tan@allinone.com.sg,3,YMfaDspv
160076,Jack,Goh,HR,Singapore,Jack.Goh@allinone.com.sg,4,LgSqJEcx
160118,Derek,Chan,HR,Singapore,Derek.Chan@allinone.com.sg,4,ECv6CsBe
160135,Jaclyn,Ong,HR,Singapore,Jaclyn.Ong@allinone.com.sg,4,sNNExP13
160142,Benjamin,Teo,HR,Singapore,Benjamin.Teo@allinone.com.sg,4,grkuD996
160143,Lucas,Lee,HR,Singapore,Lucas.Lee@allinone.com.sg,4,LrR7gbC9
160145,Mary,Wong,HR,Singapore,Mary.Wong@allinone.com.sg,2,ypiU6l0U
160146,Oliva,Yong,HR,Singapore,Oliva.Yong@allinone.com.sg,2,889e0vyc
160148,Henry,Lim,HR,Singapore,Henry.Lim@allinone.com.sg,2,fij7DLq5
160155,Alexander,Heng,HR,Singapore,Alexander.Heng@allinone.com.sg,2,Oze5XVyG
160188,Emma,Toh,HR,Singapore,Emma.Toh@allinone.com.sg,2,2d4e4Ep0
160212,Charlotte,The,HR,Singapore,Charlotte.The@allinone.com.sg,2,pXzMZPLQ
160213,Amelia,Ng,HR,Singapore,Amelia.Ng@allinone.com.sg,2,sFi4Wv2w
160218,Eva,Tan,HR,Singapore,Eva.Tan@allinone.com.sg,2,G190NolP
160225,Sophia,Fu,HR,Singapore,Sophia.Fu@allinone.com.sg,4,fl32B4JE
160258,Michael,Tong,HR,Singapore,Michael.Tong@allinone.com.sg,4,naxQ3OuK
160282,Ethan,Loh,HR,Singapore,Ethan.Loh@allinone.com.sg,4,ONLSuWR8
160283,Somchai,Kong,HR,Singapore,Somchai.Kong@allinone.com.sg,4,dthnHO14
160284,Rath,Khun,HR,Singapore,Rath.Khun@allinone.com.sg,4,R2uvLBnP
160286,Chinh,Nguyen,HR,Singapore,Chinh.Nguyen@allinone.com.sg,4,J0r5Tq6t
160287,Yee,Chong,HR,Singapore,Yee.Chong@allinone.com.sg,2,5p6TmEfb
160288,Heng,Phal,HR,Singapore,Heng.Phal@allinone.com.sg,2,5sGEw38j
160289,Sokunthea,Seng,HR,Singapore,Sokunthea.Seng@allinone.com.sg,2,IbKULv9y
160290,Champa,Pheap,HR,Singapore,Champa.Pheap@allinone.com.sg,2,5vu780je
160291,Rahim,Harun,HR,Singapore,Rahim.Harun@allinone.com.sg,2,K8LKlYhT
160293,Hakim,Sulaiman,HR,Singapore,Hakim.Sulaiman@allinone.com.sg,2,RqSOID9H
160294,Trung,Nguyen,HR,Singapore,Trung.Nguyen@allinone.com.sg,2,cbgaac2w
160295,Seng,Sao,HR,Singapore,Seng.Sao@allinone.com.sg,2,jAVIxAZT
160296,Narong,Savoeun,HR,Singapore,Narong.Savoeun@allinone.com.sg,4,FQ4tqu5j
160297,Phuc,Luong,HR,Singapore,Phuc.Luong@allinone.com.sg,2,zjRnsBqQ
160298,Chandara,Tith,HR,Singapore,Chandara.Tith@allinone.com.sg,2,2A9jjB0D
160299,Soma,Voeun,HR,Singapore,Soma.Voeun@allinone.com.sg,2,Smad1WcF
160300,Siv,Sothea,HR,Singapore,Siv.Sothea@allinone.com.sg,2,90MoHaLU
160301,Vannak,Samnang,HR,Singapore,Vannak.Samnang@allinone.com.sg,2,9cUhctg4
160302,Kumara,Sareth,HR,Singapore,Kumara.Sareth@allinone.com.sg,3,btqh11Id
160303,Sok,Kheng,HR,Singapore,Sok.Kheng@allinone.com.sg,2,n54TyhQL
160304,Siti,Yusuf,HR,Singapore,Siti.Yusuf@allinone.com.sg,2,2tBiYVtJ
160305,Chanh,Tith,HR,Singapore,Chanh.Tith@allinone.com.sg,2,7oN09bsP
160306,Anh,Van,HR,Singapore,Anh.Van@allinone.com.sg,3,7hdWgePp
160307,Priya,Kumar,HR,Singapore,Priya.Kumar@allinone.com.sg,2,vAYBK37D
160308,Nanda,Kesavan,HR,Singapore,Nanda.Kesavan@allinone.com.sg,2,eHuC1bR9
160313,Rithy,Sok,HR,Singapore,Rithy.Sok@allinone.com.sg,4,iLQzAAgt
160314,Mani,Devi,HR,Singapore,Mani.Devi@allinone.com.sg,4,TLWSdcF9
160315,Koh,Seng,HR,Singapore,Koh.Seng@allinone.com.sg,4,pkz5Mcy4
160316,Arifin,Saputra,HR,Singapore,Arifin.Saputra@allinone.com.sg,4,OHJbH6G9
160317,Kumari,Pillai,HR,Singapore,Kumari.Pillai@allinone.com.sg,2,NmXNT0Zy
160318,Narong,Chua,HR,Singapore,Narong.Chua@allinone.com.sg,3,C5Bn8omT
160323,Thi,Ling,HR,Singapore,Thi.Ling@allinone.com.sg,2,xk6d6Iv1
160324,Vannak,Seng,HR,Singapore,Vannak.Seng@allinone.com.sg,2,e6nOOaBu
160325,Phuong,Truong,HR,Singapore,Phuong.Truong@allinone.com.sg,2,birm0wk7
160326,Srey,Suon,HR,Singapore,Srey.Suon@allinone.com.sg,2,SOEju7Wm
160328,Hlaing,Myat,HR,Singapore,Hlaing.Myat@allinone.com.sg,3,nz0E4t2b
160329,Anh,Vo,HR,Singapore,Anh.Vo@allinone.com.sg,4,0C5cHzXM
160330,Chin,Chen,HR,Singapore,Chin.Chen@allinone.com.sg,4,RqYUhD91
160331,Nara,Loo,HR,Singapore,Nara.Loo@allinone.com.sg,4,UJOTuZnY
160332,Somchai,Kong,HR,Singapore,Somchai.Kong@allinone.com.sg,4,dthnHO14
160333,Rath,Khun,HR,Singapore,Rath.Khun@allinone.com.sg,4,R2uvLBnP
160334,Chinh,Nguyen,HR,Singapore,Chinh.Nguyen@allinone.com.sg,2,J0r5Tq6t
160335,Yee,Chong,HR,Singapore,Yee.Chong@allinone.com.sg,3,5p6TmEfb
160336,Heng,Phal,HR,Singapore,Heng.Phal@allinone.com.sg,2,5sGEw38j
160337,Sokunthea,Seng,HR,Singapore,Sokunthea.Seng@allinone.com.sg,2,IbKULv9y
160338,Champa,Pheap,HR,Singapore,Champa.Pheap@allinone.com.sg,2,5vu780je
160339,Rahim,Harun,HR,Singapore,Rahim.Harun@allinone.com.sg,2,K8LKlYhT
170166,David,Yap,Finance,Singapore,David.Yap@allinone.com.sg,3,xTF3jllY
170208,Daniel,Tan,Finance,Singapore,Daniel.Tan@allinone.com.sg,2,Hv2ti05N
170215,Mary,Wong,Finance,Singapore,Mary.Wong@allinone.com.sg,2,ypiU6l0U
170216,Jaclyn,Ong,Finance,Singapore,Jaclyn.Ong@allinone.com.sg,2,sNNExP13
170232,Jacob,Tan,Finance,Singapore,Jacob.Tan@allinone.com.sg,2,oxf2N5jx
170233,Logan,Goh,Finance,Singapore,Logan.Goh@allinone.com.sg,2,VIUYLGdk
170238,Jackson,Chan,Finance,Singapore,Jackson.Chan@allinone.com.sg,2,j0nJtssQ
170245,Aiden,Teo,Finance,Singapore,Aiden.Teo@allinone.com.sg,2,0bgAiKhA
170655,Samuel,Lee,Finance,Singapore,Samuel.Lee@allinone.com.sg,2,RBbBg2q5
170866,Susan,Lim,Finance,Singapore,Susan.Lim@allinone.com.sg,2,QqZhud1c
171008,Janice,Heng,Finance,Singapore,Janice.Heng@allinone.com.sg,2,rDhrJy7H
171009,Nanda,Kesavan,Finance,Singapore,Nanda.Kesavan@allinone.com.sg,3,eHuC1bR9
171010,Rithy,Sok,Finance,Singapore,Rithy.Sok@allinone.com.sg,2,iLQzAAgt
171011,Mani,Devi,Finance,Singapore,Mani.Devi@allinone.com.sg,2,TLWSdcF9
171012,Koh,Seng,Finance,Singapore,Koh.Seng@allinone.com.sg,2,pkz5Mcy4
171013,Arifin,Saputra,Finance,Singapore,Arifin.Saputra@allinone.com.sg,2,OHJbH6G9
171014,Kumari,Pillai,Finance,Singapore,Kumari.Pillai@allinone.com.sg,3,NmXNT0Zy
171015,Narong,Chua,Finance,Singapore,Narong.Chua@allinone.com.sg,2,C5Bn8omT
171016,Thi,Ling,Finance,Singapore,Thi.Ling@allinone.com.sg,2,xk6d6Iv1
171017,Vannak,Seng,Finance,Singapore,Vannak.Seng@allinone.com.sg,2,e6nOOaBu
171018,Phuong,Truong,Finance,Singapore,Phuong.Truong@allinone.com.sg,3,birm0wk7
171022,Srey,Suon,Finance,Singapore,Srey.Suon@allinone.com.sg,2,SOEju7Wm
171023,Hlaing,Myat,Finance,Singapore,Hlaing.Myat@allinone.com.sg,2,nz0E4t2b
171024,Anh,Vo,Finance,Singapore,Anh.Vo@allinone.com.sg,2,0C5cHzXM
171026,Chin,Chen,Finance,Singapore,Chin.Chen@allinone.com.sg,2,RqYUhD91
171027,Nara,Loo,Finance,Singapore,Nara.Loo@allinone.com.sg,2,UJOTuZnY
171029,Somchai,Kong,Finance,Singapore,Somchai.Kong@allinone.com.sg,3,dthnHO14
171030,Rath,Khun,Finance,Singapore,Rath.Khun@allinone.com.sg,2,R2uvLBnP
171031,Chinh,Nguyen,Finance,Singapore,Chinh.Nguyen@allinone.com.sg,2,J0r5Tq6t
171032,Yee,Chong,Finance,Singapore,Yee.Chong@allinone.com.sg,2,5p6TmEfb
171033,Heng,Phal,Finance,Singapore,Heng.Phal@allinone.com.sg,2,5sGEw38j
171034,Sokunthea,Seng,Finance,Singapore,Sokunthea.Seng@allinone.com.sg,2,IbKULv9y
171035,Champa,Pheap,Finance,Singapore,Champa.Pheap@allinone.com.sg,2,5vu780je
171036,Rahim,Harun,Finance,Singapore,Rahim.Harun@allinone.com.sg,2,K8LKlYhT
171038,Hakim,Sulaiman,Finance,Singapore,Hakim.Sulaiman@allinone.com.sg,2,RqSOID9H
171039,Trung,Nguyen,Finance,Singapore,Trung.Nguyen@allinone.com.sg,2,cbgaac2w
171041,Seng,Sao,Finance,Singapore,Seng.Sao@allinone.com.sg,2,jAVIxAZT
171042,Narong,Savoeun,Finance,Singapore,Narong.Savoeun@allinone.com.sg,2,FQ4tqu5j
171043,Phuc,Luong,Finance,Singapore,Phuc.Luong@allinone.com.sg,3,zjRnsBqQ
171044,Chandara,Tith,Finance,Singapore,Chandara.Tith@allinone.com.sg,2,2A9jjB0D
171045,Soma,Voeun,Finance,Singapore,Soma.Voeun@allinone.com.sg,2,Smad1WcF
171046,Siv,Sothea,Finance,Singapore,Siv.Sothea@allinone.com.sg,2,90MoHaLU
171047,Vannak,Samnang,Finance,Singapore,Vannak.Samnang@allinone.com.sg,2,9cUhctg4
171048,Kumara,Sareth,Finance,Singapore,Kumara.Sareth@allinone.com.sg,2,btqh11Id
180001,Ernst,Sim,Consultancy,Singapore,Ernst.Sim@allinone.com.sg,3,hcJxsja9
180002,Rithy,Chheng,Consultancy,Singapore,Rithy.Chheng@allinone.com.sg,2,K41K9YNb
180003,Mani,Raj,Consultancy,Singapore,Mani.Raj@allinone.com.sg,2,w5Fk6aQ8
180004,Sokunthea,Phan,Consultancy,Singapore,Sokunthea.Phan@allinone.com.sg,2,a9GkeA53
180005,Mani,Devi,Consultancy,Singapore,Mani.Devi@allinone.com.sg,2,TLWSdcF9
180006,Somnang,Suon,Consultancy,Singapore,Somnang.Suon@allinone.com.sg,2,KgzjYOe8
180010,Samsul,Rahman,Consultancy,Singapore,Samsul.Rahman@allinone.com.sg,2,y9n5m6Km
180011,Rath,Phan,Consultancy,Singapore,Rath.Phan@allinone.com.sg,2,82OSoRVq
180012,Ji,Han,Consultancy,Singapore,Ji.Han@allinone.com.sg,3,vn8uphKN
180013,Sok,Pich,Consultancy,Singapore,Sok.Pich@allinone.com.sg,2,08QpQc94
180014,Minh,Hoang,Consultancy,Singapore,Minh.Hoang@allinone.com.sg,2,rx12Cuga
180015,Anil,Kumar,Consultancy,Singapore,Anil.Kumar@allinone.com.sg,2,Gqu4nPOV
180019,Chinh,Le,Consultancy,Singapore,Chinh.Le@allinone.com.sg,2,E4K1YLX2
180020,Seng,Seng,Consultancy,Singapore,Seng.Seng@allinone.com.sg,2,QnPXsNM8
180021,Nanda,Kesavan,Consultancy,Singapore,Nanda.Kesavan@allinone.com.sg,2,eHuC1bR9
180022,Amirah,Ahmad,Consultancy,Singapore,Amirah.Ahmad@allinone.com.sg,2,3gRZIU46
180023,Sokly,Sok,Consultancy,Singapore,Sokly.Sok@allinone.com.sg,2,EtdRFwS6
180025,Trung,Pham,Consultancy,Singapore,Trung.Pham@allinone.com.sg,2,ovFZ3mzp
180026,Rithya,Suon,Consultancy,Singapore,Rithya.Suon@allinone.com.sg,2,RTGA3djI
180027,Phuc,Vo,Consultancy,Singapore,Phuc.Vo@allinone.com.sg,2,EMDvVwkn
180029,Chandra,Pandey,Consultancy,Singapore,Chandra.Pandey@allinone.com.sg,3,GKCxh0vw
180030,Manoj,Singh,Consultancy,Singapore,Manoj.Singh@allinone.com.sg,2,oOG65PsM
180032,Phalla,Yong,Consultancy,Singapore,Phalla.Yong@allinone.com.sg,2,G1pQx0Ul
180033,Chhaya,Sou,Consultancy,Singapore,Chhaya.Sou@allinone.com.sg,2,7bo0p9vR
180034,Soma,Lim,Consultancy,Singapore,Soma.Lim@allinone.com.sg,2,uQGxlOYB
180036,Siv,Sun,Consultancy,Singapore,Siv.Sun@allinone.com.sg,2,VWeDys0m
180037,Vannak,Mao,Consultancy,Singapore,Vannak.Mao@allinone.com.sg,2,CPb1nIlx
180038,Kumara,Seng,Consultancy,Singapore,Kumara.Seng@allinone.com.sg,2,KFPzI8aq
190003,Sok,Heng,Solutioning,Singapore,Sok.Heng@allinone.com.sg,2,GGGXfFbw
190004,Siti,Saad,Solutioning,Singapore,Siti.Saad@allinone.com.sg,2,01aSfkYu
190005,Chanh,Ly,Solutioning,Singapore,Chanh.Ly@allinone.com.sg,2,mm5hwU7b
190006,Anh,Truong,Solutioning,Singapore,Anh.Truong@allinone.com.sg,2,HcYcXWyW
190008,Hakim,Rahman,Solutioning,Singapore,Hakim.Rahman@allinone.com.sg,2,tFTyaV7B
190009,Priya,Kaur,Solutioning,Singapore,Priya.Kaur@allinone.com.sg,2,WeZlm8bn
190010,Narong,Chen,Solutioning,Singapore,Narong.Chen@allinone.com.sg,2,I4kFBVU9
190014,Rin,Sok,Solutioning,Singapore,Rin.Sok@allinone.com.sg,2,5ikhxmIP
190015,Phuc,Lam,Solutioning,Singapore,Phuc.Lam@allinone.com.sg,2,aHKKPn0r
190016,Sok,Chin,Solutioning,Singapore,Sok.Chin@allinone.com.sg,2,ftAeWN16
190017,Chandara,Kong,Solutioning,Singapore,Chandara.Kong@allinone.com.sg,2,JURJbzvy
190018,Phanith,Sok,Solutioning,Singapore,Phanith.Sok@allinone.com.sg,2,KCMpD3vV
190019,Heng,Sim,Solutioning,Singapore,Heng.Sim@allinone.com.sg,3,Bx4OM2gE
190021,Nanda,Devan,Solutioning,Singapore,Nanda.Devan@allinone.com.sg,2,l24Cteeb
190022,Pich,Phan,Solutioning,Singapore,Pich.Phan@allinone.com.sg,2,RlyhlkS2
190024,Anil,Sarawat,Solutioning,Singapore,Anil.Sarawat@allinone.com.sg,2,qG89a8le
190025,Nguyen,Tuan,Solutioning,Singapore,Nguyen.Tuan@allinone.com.sg,2,mLYCUsFG
190026,Bao,Kim,Solutioning,Singapore,Bao.Kim@allinone.com.sg,2,FhpxGGMN
190027,Boun,Sok,Solutioning,Singapore,Boun.Sok@allinone.com.sg,2,SbamOWT7
190028,Soma,Khun,Solutioning,Singapore,Soma.Khun@allinone.com.sg,2,auOu8BfM
190029,Samsul,Saifullah,Solutioning,Singapore,Samsul.Saifullah@allinone.com.sg,2,GdPUzDKT
190030,Rina,Li,Solutioning,Singapore,Rina.Li@allinone.com.sg,2,H5OxkuUI
190031,Mani,Prasad,Solutioning,Singapore,Mani.Prasad@allinone.com.sg,2,S0xuNrYW
190032,Koh,Seng,Solutioning,Singapore,Koh.Seng@allinone.com.sg,2,pkz5Mcy4
190033,Arifin,Siregar,Solutioning,Singapore,Arifin.Siregar@allinone.com.sg,2,qxNOe99V
190035,Kumari,Devi,Solutioning,Singapore,Kumari.Devi@allinone.com.sg,2,uZXCnZz9
190036,Narong,Khun,Solutioning,Singapore,Narong.Khun@allinone.com.sg,2,MwB8hZ3y
190037,Siti,Abdullah,Solutioning,Singapore,Siti.Abdullah@allinone.com.sg,3,v1fQqwsA
190038,Heng,Chan,Solutioning,Singapore,Heng.Chan@allinone.com.sg,2,fxfGCKuZ
190040,Rina,Tan,Solutioning,Singapore,Rina.Tan@allinone.com.sg,2,rnireVtB
190041,Boun,Souk,Solutioning,Singapore,Boun.Souk@allinone.com.sg,2,puFGMxeE
190042,Aung,Kyaw,Solutioning,Singapore,Aung.Kyaw@allinone.com.sg,2,xWcEBDl0
190043,Thuy,Nguyen,Solutioning,Singapore,Thuy.Nguyen@allinone.com.sg,2,rVmr9SFK
190044,Rajesh,Kumar,Solutioning,Singapore,Rajesh.Kumar@allinone.com.sg,2,zr51o5FM
190045,Koh,Lim,Solutioning,Singapore,Koh.Lim@allinone.com.sg,2,AsYutTiX
190046,Somchai,Somboon,Solutioning,Singapore,Somchai.Somboon@allinone.com.sg,2,Q8mR3215
190047,Seng,Lee,Solutioning,Singapore,Seng.Lee@allinone.com.sg,2,Jx9fyf8T
190048,Anh,Tran,Solutioning,Singapore,Anh.Tran@allinone.com.sg,2,PKDJMedl
190049,Ratana,Chen,Solutioning,Singapore,Ratana.Chen@allinone.com.sg,2,cuQevIqk
190050,Bui,Nguyen,Solutioning,Singapore,Bui.Nguyen@allinone.com.sg,2,DukDa4Ch
190051,Rahim,Khalid,Solutioning,Singapore,Rahim.Khalid@allinone.com.sg,2,CyEsOppX
190052,Dewi,Putri,Solutioning,Singapore,Dewi.Putri@allinone.com.sg,2,aEgwEYP7
190054,Sokha,Seng,Solutioning,Singapore,Sokha.Seng@allinone.com.sg,2,eEem3m26
190055,Tuan,Nguyen,Solutioning,Singapore,Tuan.Nguyen@allinone.com.sg,2,X2NJdyFH
190056,Bao,Luu,Solutioning,Singapore,Bao.Luu@allinone.com.sg,2,IcoKnCGD
190057,Amara,Singh,Solutioning,Singapore,Amara.Singh@allinone.com.sg,2,QLmznu4W
190058,Srey,Mao,Solutioning,Singapore,Srey.Mao@allinone.com.sg,2,8uWyETsb
190059,Phuc,Le,Solutioning,Singapore,Phuc.Le@allinone.com.sg,3,JZ09s4jY
190064,Arifin,Saputra,Solutioning,Singapore,Arifin.Saputra@allinone.com.sg,2,OHJbH6G9
190065,Siti,Salleh,Solutioning,Malaysia,Siti.Salleh@allinone.com.my,2,XqlvIUBf
190066,Rina,Siriporn,Solutioning,Malaysia,Rina.Siriporn@allinone.com.my,2,tmIMaLqQ
190067,Minh,Ly,Solutioning,Malaysia,Minh.Ly@allinone.com.my,3,N8gLuUk1
190068,Chandara,Kim,Solutioning,Malaysia,Chandara.Kim@allinone.com.my,2,uB7y7FIs
190069,Heng,Phan,Solutioning,Indonesia ,Heng.Phan@allinone.com.id,2,AcMN5ZqU
190070,Nara,Khun,Solutioning,Indonesia ,Nara.Khun@allinone.com.id,3,c13w4WdU
190074,Priya,Malik,Solutioning,Indonesia ,Priya.Malik@allinone.com.id,2,VUTv39ev
190075,Ngoc,Trinh,Solutioning,Indonesia ,Ngoc.Trinh@allinone.com.id,2,mkqKH2Ih
190076,Manoj,Kumar,Solutioning,Indonesia ,Manoj.Kumar@allinone.com.id,2,EdbBdKhN
190077,Anh,Pham,Solutioning,Vietnam,Anh.Pham@allinone.com.vn,3,wtIlg5Dd
190078,Somsak,Somsri,Solutioning,Vietnam,Somsak.Somsri@allinone.com.vn,2,LOBgqoWo
190079,Chin,Lim,Solutioning,Vietnam,Chin.Lim@allinone.com.vn,2,3QuQ1Euq
190080,Sok,Chhay,Solutioning,Hong Kong,Sok.Chhay@allinone.com.hk,2,2Iw4ySID
190082,Tat,Nguyen,Solutioning,Hong Kong,Tat.Nguyen@allinone.com.hk,2,W6uGmViE
190086,Hlaing,Sithu,Solutioning,Hong Kong,Hlaing.Sithu@allinone.com.hk,3,ZEWyf9TS
190087,Santhi,Perumal,Solutioning,Hong Kong,Santhi.Perumal@allinone.com.hk,2,YoEtHYkG
190088,Hakim,Siregar,Solutioning,Hong Kong,Hakim.Siregar@allinone.com.hk,2,hQbPo5xR
190089,Sirirat,Chaiyaporn,Solutioning,Hong Kong,Sirirat.Chaiyaporn@allinone.com.hk,2,hCTHQOnk
190091,Chinh,Tran,Solutioning,Singapore,Chinh.Tran@allinone.com.sg,2,gPDHSlKd
190092,Siti,Ahmad,Solutioning,Singapore,Siti.Ahmad@allinone.com.sg,2,LnbhYH9u
190093,Chandra,Rai,Solutioning,Singapore,Chandra.Rai@allinone.com.sg,3,I3z91C3I
190094,Ratana,Keo,Solutioning,Singapore,Ratana.Keo@allinone.com.sg,2,wHpYvKnR
190095,Yee,Lim,Solutioning,Singapore,Yee.Lim@allinone.com.sg,2,hFBW0XfA
190096,Wai,Yong,Solutioning,Singapore,Wai.Yong@allinone.com.sg,2,aZdFsSL1
190097,Thi,Pham,Solutioning,Singapore,Thi.Pham@allinone.com.sg,2,YGZpv5kd
190098,Nara,Sok,Solutioning,Singapore,Nara.Sok@allinone.com.sg,2,BfKomWMG
210001,Peter,Yap,IT,Singapore,Peter.aypallinone.com.sg,3,Lb2b8Q6x
210017,Rithy,Sok,IT,Singapore,Kumara.Sareth@allinone.com.sg,2,btqh11Id
210018,Mani,Devi,IT,Singapore,Rithy.Sok@allinone.com.sg,3,iLQzAAgt
210019,Koh,Seng,IT,Singapore,Mani.Devi@allinone.com.sg,2,TLWSdcF9
210020,Arifin,Saputra,IT,Singapore,Koh.Seng@allinone.com.sg,2,pkz5Mcy4
210021,Kumari,Pillai,IT,Singapore,Arifin.Saputra@allinone.com.sg,2,OHJbH6G9
210022,Narong,Chua,IT,Singapore,Kumari.Pillai@allinone.com.sg,2,NmXNT0Zy
210023,Thi,Ling,IT,Singapore,Narong.Chua@allinone.com.sg,2,C5Bn8omT
210024,Vannak,Seng,IT,Singapore,Thi.Ling@allinone.com.sg,2,xk6d6Iv1
210025,Phuong,Truong,IT,Singapore,Vannak.Seng@allinone.com.sg,2,e6nOOaBu
210026,Srey,Suon,IT,Singapore,Phuong.Truong@allinone.com.sg,2,birm0wk7
210027,Hlaing,Myat,IT,Singapore,Srey.Suon@allinone.com.sg,2,SOEju7Wm
210028,Anh,Vo,IT,Singapore,Hlaing.Myat@allinone.com.sg,3,nz0E4t2b
210029,Chin,Chen,IT,Singapore,Anh.Vo@allinone.com.sg,2,0C5cHzXM
210030,Nara,Loo,IT,Singapore,Chin.Chen@allinone.com.sg,2,RqYUhD91
210031,Somchai,Kong,IT,Singapore,Nara.Loo@allinone.com.sg,2,UJOTuZnY
210032,Rath,Khun,IT,Singapore,Somchai.Kong@allinone.com.sg,2,dthnHO14
210033,Chinh,Nguyen,IT,Singapore,Rath.Khun@allinone.com.sg,2,R2uvLBnP
210034,Yee,Chong,IT,Singapore,Chinh.Nguyen@allinone.com.sg,2,J0r5Tq6t
210035,Heng,Phal,IT,Singapore,Yee.Chong@allinone.com.sg,2,5p6TmEfb
210036,Sokunthea,Seng,IT,Singapore,Heng.Phal@allinone.com.sg,2,5sGEw38j
210037,Champa,Pheap,IT,Singapore,Sokunthea.Seng@allinone.com.sg,2,IbKULv9y
210038,Rahim,Harun,IT,Singapore,Champa.Pheap@allinone.com.sg,2,5vu780je
210039,Hakim,Sulaiman,IT,Singapore,Rahim.Harun@allinone.com.sg,2,K8LKlYhT
210040,Trung,Nguyen,IT,Singapore,Hakim.Sulaiman@allinone.com.sg,2,RqSOID9H
210041,Seng,Sao,IT,Singapore,Trung.Nguyen@allinone.com.sg,2,cbgaac2w
210042,Narong,Savoeun,IT,Singapore,Seng.Sao@allinone.com.sg,2,jAVIxAZT
210043,Phuc,Luong,IT,Singapore,Narong.Savoeun@allinone.com.sg,2,FQ4tqu5j
210044,Chandara,Tith,IT,Singapore,Phuc.Luong@allinone.com.sg,2,zjRnsBqQ
